{
  "cardiac": {
    "tachycardia": {
      "accuracy": 1.0,
      "precision": 1.0,
      "recall": 1.0,
      "f1": 1.0,
      "auc_roc": 1.0,
      "support_true": 194,
      "support_false": 1134
    },
    "irregular_rhythm": {
      "accuracy": 1.0,
      "precision": 1.0,
      "recall": 1.0,
      "f1": 1.0,
      "auc_roc": 1.0,
      "support_true": 116,
      "support_false": 1212
    },
    "overall": {
      "accuracy": 1.0,
      "macro_f1": 1.0,
      "weighted_f1": 1.0
    }
  },
  "respiratory": {
    "condition": "low_spo2",
    "accuracy": 0.9992469879518072,
    "precision": 1.0,
    "recall": 0.9924812030075187,
    "f1": 0.9962264150943396,
    "auc_roc": 0.9999937081196716,
    "confusion_matrix": [
      [
        1195,
        0
      ],
      [
        1,
        132
      ]
    ],
    "support_true": 133,
    "support_false": 1195
  },
  "activity": {
    "fall_detected": {
      "accuracy": 1.0,
      "precision": 1.0,
      "recall": 1.0,
      "f1": 1.0,
      "auc_roc": 1.0,
      "support_true": 148,
      "support_false": 1180
    },
    "sleep_problem": {
      "accuracy": 0.9924698795180723,
      "precision": 0.9624413145539906,
      "recall": 0.9903381642512077,
      "f1": 0.9761904761904762,
      "auc_roc": 0.9995992191237121,
      "support_true": 207,
      "support_false": 1121
    },
    "fatigue": {
      "accuracy": 1.0,
      "precision": 1.0,
      "recall": 1.0,
      "f1": 1.0,
      "auc_roc": 1.0,
      "support_true": 1261,
      "support_false": 67
    },
    "overall": {
      "accuracy": 0.9974899598393574,
      "macro_f1": 0.9973987544839491,
      "weighted_f1": 0.9974906933944948
    }
  },
  "feature_importance": {
    "cardiac_top10": {
      "hr_tachycardia_pct": 15335.719841918344,
      "xsensor_fall_risk": 11995.482207485911,
      "hr_entropy": 8660.225197944426,
      "hr_cubic_mean": 8251.548914030278,
      "motion_gy_max": 5353.485763847238,
      "motion_jerk_peak": 4537.520031797672,
      "motion_gy_range": 4031.1222931818625,
      "hrv_median_rr": 3162.1062026298023,
      "motion_jerk_mean": 3006.168227003538,
      "hr_min": 2687.847681307583
    },
    "respiratory_top10": {
      "spo2_mean": 38958.27085212275,
      "hr_cubic_mean": 9638.17899201857,
      "motion_gy_min": 4195.684906654466,
      "motion_ax_max": 3996.186845521606,
      "motion_gz_max": 3253.7853614253013,
      "motion_ay_p25": 3244.230397363386,
      "motion_mag_std": 3243.6197901602136,
      "motion_gy_rms": 1958.1312182957054,
      "motion_gy_max": 1920.7531488387394,
      "motion_jerk_peak": 1869.6101047568736
    },
    "activity_top10": {
      "hr_bradycardia_pct": 30002.586536739054,
      "motion_gz_range": 16320.407932015756,
      "motion_gx_range": 12383.795056741053,
      "spo2_min": 7265.499093189836,
      "motion_gy_range": 6198.697528017438,
      "xsensor_activity_adjusted_hr": 5403.792623072397,
      "motion_az_p25": 4984.828214885347,
      "spo2_hypoxemia_pct": 4304.285424783516,
      "motion_gz_rms": 4206.647747093967,
      "motion_gz_std": 3286.4756680014566
    }
  },
  "dataset": {
    "n_features": 162,
    "n_test_samples": 1328,
    "feature_names": [
      "freq_ax_dominant_freq",
      "freq_ax_dominant_power",
      "freq_ax_power_0_5_5",
      "freq_ax_power_15_50",
      "freq_ax_power_5_15",
      "freq_ax_spectral_centroid",
      "freq_ax_spectral_entropy",
      "freq_ax_spectral_spread",
      "freq_ay_dominant_freq",
      "freq_ay_dominant_power",
      "freq_ay_power_0_5_5",
      "freq_ay_power_15_50",
      "freq_ay_power_5_15",
      "freq_ay_spectral_centroid",
      "freq_ay_spectral_entropy",
      "freq_ay_spectral_spread",
      "freq_az_dominant_freq",
      "freq_az_dominant_power",
      "freq_az_power_0_5_5",
      "freq_az_power_15_50",
      "freq_az_power_5_15",
      "freq_az_spectral_centroid",
      "freq_az_spectral_entropy",
      "freq_az_spectral_spread",
      "freq_hr_dominant_freq",
      "freq_hr_hf_power",
      "freq_hr_lf_power",
      "freq_hr_spectral_entropy",
      "freq_ppg_dominant_freq",
      "freq_ppg_snr",
      "freq_ppg_spectral_purity",
      "hr_acceleration",
      "hr_bradycardia_pct",
      "hr_cubic_mean",
      "hr_entropy",
      "hr_max",
      "hr_mean",
      "hr_min",
      "hr_peak",
      "hr_range",
      "hr_recovery_indicator",
      "hr_resting",
      "hr_std",
      "hr_tachycardia_pct",
      "hr_trend_slope",
      "hrv_cv",
      "hrv_hf_nu",
      "hrv_hf_power",
      "hrv_lf_hf_ratio",
      "hrv_lf_nu",
      "hrv_lf_power",
      "hrv_mean_rr",
      "hrv_median_rr",
      "hrv_nn50",
      "hrv_pnn50",
      "hrv_range_rr",
      "hrv_rmssd",
      "hrv_sampen",
      "hrv_sd1",
      "hrv_sd1_sd2_ratio",
      "hrv_sd2",
      "hrv_sdsd",
      "hrv_std_rr",
      "hrv_total_power",
      "hrv_vlf_power",
      "motion_ax_kurt",
      "motion_ax_max",
      "motion_ax_mean",
      "motion_ax_min",
      "motion_ax_p25",
      "motion_ax_p75",
      "motion_ax_range",
      "motion_ax_rms",
      "motion_ax_skew",
      "motion_ax_std",
      "motion_ax_zcr",
      "motion_ay_kurt",
      "motion_ay_max",
      "motion_ay_mean",
      "motion_ay_min",
      "motion_ay_p25",
      "motion_ay_p75",
      "motion_ay_range",
      "motion_ay_rms",
      "motion_ay_skew",
      "motion_ay_std",
      "motion_ay_zcr",
      "motion_az_kurt",
      "motion_az_max",
      "motion_az_mean",
      "motion_az_min",
      "motion_az_p25",
      "motion_az_p75",
      "motion_az_range",
      "motion_az_rms",
      "motion_az_skew",
      "motion_az_std",
      "motion_az_zcr",
      "motion_corr_ax_ay",
      "motion_corr_ax_az",
      "motion_corr_ay_az",
      "motion_fall_indicator",
      "motion_gx_max",
      "motion_gx_mean",
      "motion_gx_min",
      "motion_gx_range",
      "motion_gx_rms",
      "motion_gx_std",
      "motion_gy_max",
      "motion_gy_mean",
      "motion_gy_min",
      "motion_gy_range",
      "motion_gy_rms",
      "motion_gy_std",
      "motion_gz_max",
      "motion_gz_mean",
      "motion_gz_min",
      "motion_gz_range",
      "motion_gz_rms",
      "motion_gz_std",
      "motion_jerk_mean",
      "motion_jerk_peak",
      "motion_mag_max",
      "motion_mag_mean",
      "motion_mag_std",
      "motion_movement_intensity",
      "motion_sma",
      "motion_tilt_angle_mean",
      "spo2_drop_count",
      "spo2_hypoxemia_pct",
      "spo2_mean",
      "spo2_min",
      "spo2_nadir",
      "spo2_odi",
      "spo2_severe_hypoxemia_pct",
      "spo2_std",
      "spo2_trend_slope",
      "spo2_variability",
      "temp_difference",
      "temp_fever_indicator",
      "temp_lm35_mean",
      "temp_low_grade_fever_indicator",
      "temp_max",
      "temp_min",
      "temp_rate_of_change",
      "temp_stts22h_mean",
      "temp_variance",
      "xsensor_activity_adjusted_hr",
      "xsensor_autonomic_balance",
      "xsensor_cardio_respiratory_index",
      "xsensor_cardiovascular_strain",
      "xsensor_dehydration_proxy",
      "xsensor_fall_risk",
      "xsensor_fatigue_index",
      "xsensor_fever_score",
      "xsensor_hr_spo2_ratio",
      "xsensor_hr_temp_correlation",
      "xsensor_motion_corrected_hr",
      "xsensor_recovery_index",
      "xsensor_sleep_quality",
      "xsensor_spo2_hr_coherence",
      "xsensor_temp_hrv_correlation"
    ]
  },
  "onnx_export": {
    "cardiac": {
      "tachycardia": "FAILED: Operator LgbmClassifier (type: LgbmClassifier) got an input float_input with a wrong type <class 'onnxconverter_common.data_types.FloatTensorType'>. Only [<class 'onnxmltools.convert.common.data_types.FloatTensorType'>, <class 'onnxmltools.convert.common.data_types.Int64TensorType'>] are allowed",